"","First day of week","B.1.617.2","B.1.617.2-CI","B.1.617.2-low","B.1.617.2-high","AY.3","AY.3-CI","AY.3-low","AY.3-high","AY.25","AY.25-CI","AY.25-low","AY.25-high","AY.39","AY.39-CI","AY.39-low","AY.39-high","AY.44","AY.44-CI","AY.44-low","AY.44-high"
"1",2021-07-27,1.52,"7/27: 1.52 (1.26, 1.86)",1.26,1.86,1.5,"7/27: 1.5 (1.25, 1.8)",1.25,1.8,NA,"7/27: NA (NA, NA)",NA,NA,NA,"7/27: NA (NA, NA)",NA,NA,NA,"7/27: NA (NA, NA)",NA,NA
"2",2021-07-28,1.48,"7/28: 1.48 (1.24, 1.8)",1.24,1.8,1.45,"7/28: 1.45 (1.23, 1.72)",1.23,1.72,NA,"7/28: NA (NA, NA)",NA,NA,NA,"7/28: NA (NA, NA)",NA,NA,NA,"7/28: NA (NA, NA)",NA,NA
"3",2021-07-29,1.45,"7/29: 1.45 (1.23, 1.74)",1.23,1.74,1.41,"7/29: 1.41 (1.21, 1.65)",1.21,1.65,NA,"7/29: NA (NA, NA)",NA,NA,NA,"7/29: NA (NA, NA)",NA,NA,NA,"7/29: NA (NA, NA)",NA,NA
"4",2021-07-30,1.43,"7/30: 1.43 (1.22, 1.69)",1.22,1.69,1.37,"7/30: 1.37 (1.19, 1.59)",1.19,1.59,NA,"7/30: NA (NA, NA)",NA,NA,NA,"7/30: NA (NA, NA)",NA,NA,NA,"7/30: NA (NA, NA)",NA,NA
"5",2021-07-31,1.41,"7/31: 1.41 (1.22, 1.66)",1.22,1.66,1.33,"7/31: 1.33 (1.17, 1.53)",1.17,1.53,NA,"7/31: NA (NA, NA)",NA,NA,NA,"7/31: NA (NA, NA)",NA,NA,NA,"7/31: NA (NA, NA)",NA,NA
"6",2021-08-01,1.39,"8/1: 1.39 (1.21, 1.62)",1.21,1.62,1.3,"8/1: 1.3 (1.16, 1.47)",1.16,1.47,NA,"8/1: NA (NA, NA)",NA,NA,NA,"8/1: NA (NA, NA)",NA,NA,NA,"8/1: NA (NA, NA)",NA,NA
"7",2021-08-02,1.38,"8/2: 1.38 (1.2, 1.6)",1.2,1.6,1.27,"8/2: 1.27 (1.14, 1.42)",1.14,1.42,NA,"8/2: NA (NA, NA)",NA,NA,NA,"8/2: NA (NA, NA)",NA,NA,NA,"8/2: NA (NA, NA)",NA,NA
"8",2021-08-03,1.37,"8/3: 1.37 (1.2, 1.58)",1.2,1.58,1.24,"8/3: 1.24 (1.13, 1.38)",1.13,1.38,3.96,"8/3: 3.96 (2.03, 7.38)",2.03,7.38,NA,"8/3: NA (NA, NA)",NA,NA,NA,"8/3: NA (NA, NA)",NA,NA
"9",2021-08-04,1.36,"8/4: 1.36 (1.2, 1.56)",1.2,1.56,1.22,"8/4: 1.22 (1.12, 1.35)",1.12,1.35,3.58,"8/4: 3.58 (1.91, 6.55)",1.91,6.55,NA,"8/4: NA (NA, NA)",NA,NA,NA,"8/4: NA (NA, NA)",NA,NA
"10",2021-08-05,1.35,"8/5: 1.35 (1.19, 1.55)",1.19,1.55,1.21,"8/5: 1.21 (1.11, 1.32)",1.11,1.32,3.22,"8/5: 3.22 (1.8, 5.7)",1.8,5.7,NA,"8/5: NA (NA, NA)",NA,NA,NA,"8/5: NA (NA, NA)",NA,NA
"11",2021-08-06,1.35,"8/6: 1.35 (1.19, 1.53)",1.19,1.53,1.19,"8/6: 1.19 (1.1, 1.29)",1.1,1.29,2.9,"8/6: 2.9 (1.71, 4.89)",1.71,4.89,NA,"8/6: NA (NA, NA)",NA,NA,NA,"8/6: NA (NA, NA)",NA,NA
"12",2021-08-07,1.34,"8/7: 1.34 (1.18, 1.52)",1.18,1.52,1.18,"8/7: 1.18 (1.1, 1.27)",1.1,1.27,2.62,"8/7: 2.62 (1.63, 4.21)",1.63,4.21,NA,"8/7: NA (NA, NA)",NA,NA,NA,"8/7: NA (NA, NA)",NA,NA
"13",2021-08-08,1.33,"8/8: 1.33 (1.18, 1.51)",1.18,1.51,1.17,"8/8: 1.17 (1.09, 1.26)",1.09,1.26,2.41,"8/8: 2.41 (1.56, 3.71)",1.56,3.71,NA,"8/8: NA (NA, NA)",NA,NA,NA,"8/8: NA (NA, NA)",NA,NA
"14",2021-08-09,1.32,"8/9: 1.32 (1.18, 1.49)",1.18,1.49,1.16,"8/9: 1.16 (1.09, 1.24)",1.09,1.24,2.25,"8/9: 2.25 (1.52, 3.32)",1.52,3.32,NA,"8/9: NA (NA, NA)",NA,NA,NA,"8/9: NA (NA, NA)",NA,NA
"15",2021-08-10,1.31,"8/10: 1.31 (1.17, 1.48)",1.17,1.48,1.16,"8/10: 1.16 (1.08, 1.23)",1.08,1.23,2.12,"8/10: 2.12 (1.48, 3.02)",1.48,3.02,NA,"8/10: NA (NA, NA)",NA,NA,NA,"8/10: NA (NA, NA)",NA,NA
"16",2021-08-11,1.3,"8/11: 1.3 (1.17, 1.47)",1.17,1.47,1.16,"8/11: 1.16 (1.08, 1.23)",1.08,1.23,2.01,"8/11: 2.01 (1.45, 2.78)",1.45,2.78,NA,"8/11: NA (NA, NA)",NA,NA,NA,"8/11: NA (NA, NA)",NA,NA
"17",2021-08-12,1.3,"8/12: 1.3 (1.16, 1.45)",1.16,1.45,1.16,"8/12: 1.16 (1.09, 1.23)",1.09,1.23,1.93,"8/12: 1.93 (1.42, 2.59)",1.42,2.59,NA,"8/12: NA (NA, NA)",NA,NA,NA,"8/12: NA (NA, NA)",NA,NA
"18",2021-08-13,1.29,"8/13: 1.29 (1.16, 1.44)",1.16,1.44,1.16,"8/13: 1.16 (1.09, 1.23)",1.09,1.23,1.86,"8/13: 1.86 (1.4, 2.44)",1.4,2.44,NA,"8/13: NA (NA, NA)",NA,NA,NA,"8/13: NA (NA, NA)",NA,NA
"19",2021-08-14,1.28,"8/14: 1.28 (1.15, 1.43)",1.15,1.43,1.16,"8/14: 1.16 (1.09, 1.23)",1.09,1.23,1.8,"8/14: 1.8 (1.37, 2.32)",1.37,2.32,NA,"8/14: NA (NA, NA)",NA,NA,NA,"8/14: NA (NA, NA)",NA,NA
"20",2021-08-15,1.27,"8/15: 1.27 (1.15, 1.41)",1.15,1.41,1.17,"8/15: 1.17 (1.1, 1.24)",1.1,1.24,1.74,"8/15: 1.74 (1.35, 2.21)",1.35,2.21,NA,"8/15: NA (NA, NA)",NA,NA,NA,"8/15: NA (NA, NA)",NA,NA
"21",2021-08-16,1.26,"8/16: 1.26 (1.14, 1.39)",1.14,1.39,1.18,"8/16: 1.18 (1.1, 1.25)",1.1,1.25,1.7,"8/16: 1.7 (1.34, 2.12)",1.34,2.12,NA,"8/16: NA (NA, NA)",NA,NA,NA,"8/16: NA (NA, NA)",NA,NA
"22",2021-08-17,1.25,"8/17: 1.25 (1.14, 1.38)",1.14,1.38,1.18,"8/17: 1.18 (1.11, 1.26)",1.11,1.26,1.66,"8/17: 1.66 (1.32, 2.05)",1.32,2.05,NA,"8/17: NA (NA, NA)",NA,NA,NA,"8/17: NA (NA, NA)",NA,NA
"23",2021-08-18,1.24,"8/18: 1.24 (1.13, 1.36)",1.13,1.36,1.19,"8/18: 1.19 (1.12, 1.27)",1.12,1.27,1.62,"8/18: 1.62 (1.31, 1.98)",1.31,1.98,NA,"8/18: NA (NA, NA)",NA,NA,1.69,"8/18: 1.69 (1.33, 2.13)",1.33,2.13
"24",2021-08-19,1.23,"8/19: 1.23 (1.13, 1.35)",1.13,1.35,1.21,"8/19: 1.21 (1.12, 1.29)",1.12,1.29,1.59,"8/19: 1.59 (1.3, 1.93)",1.3,1.93,NA,"8/19: NA (NA, NA)",NA,NA,1.63,"8/19: 1.63 (1.31, 2.02)",1.31,2.02
"25",2021-08-20,1.22,"8/20: 1.22 (1.12, 1.33)",1.12,1.33,1.22,"8/20: 1.22 (1.13, 1.31)",1.13,1.31,1.56,"8/20: 1.56 (1.28, 1.87)",1.28,1.87,NA,"8/20: NA (NA, NA)",NA,NA,1.58,"8/20: 1.58 (1.28, 1.93)",1.28,1.93
"26",2021-08-21,1.21,"8/21: 1.21 (1.12, 1.32)",1.12,1.32,1.23,"8/21: 1.23 (1.14, 1.33)",1.14,1.33,1.53,"8/21: 1.53 (1.27, 1.82)",1.27,1.82,1.47,"8/21: 1.47 (1.2, 1.79)",1.2,1.79,1.53,"8/21: 1.53 (1.26, 1.83)",1.26,1.83
"27",2021-08-22,1.2,"8/22: 1.2 (1.11, 1.3)",1.11,1.3,1.25,"8/22: 1.25 (1.15, 1.35)",1.15,1.35,1.49,"8/22: 1.49 (1.25, 1.76)",1.25,1.76,1.46,"8/22: 1.46 (1.2, 1.77)",1.2,1.77,1.47,"8/22: 1.47 (1.24, 1.75)",1.24,1.75
"28",2021-08-23,1.19,"8/23: 1.19 (1.11, 1.29)",1.11,1.29,1.26,"8/23: 1.26 (1.15, 1.36)",1.15,1.36,1.45,"8/23: 1.45 (1.23, 1.7)",1.23,1.7,1.46,"8/23: 1.46 (1.2, 1.75)",1.2,1.75,1.42,"8/23: 1.42 (1.21, 1.66)",1.21,1.66
"29",2021-08-24,1.19,"8/24: 1.19 (1.11, 1.28)",1.11,1.28,1.27,"8/24: 1.27 (1.16, 1.38)",1.16,1.38,1.42,"8/24: 1.42 (1.21, 1.65)",1.21,1.65,1.46,"8/24: 1.46 (1.2, 1.74)",1.2,1.74,1.37,"8/24: 1.37 (1.19, 1.58)",1.19,1.58
"30",2021-08-25,1.18,"8/25: 1.18 (1.1, 1.27)",1.1,1.27,1.28,"8/25: 1.28 (1.16, 1.4)",1.16,1.4,1.39,"8/25: 1.39 (1.2, 1.6)",1.2,1.6,1.46,"8/25: 1.46 (1.21, 1.73)",1.21,1.73,1.33,"8/25: 1.33 (1.17, 1.51)",1.17,1.51
"31",2021-08-26,1.17,"8/26: 1.17 (1.1, 1.26)",1.1,1.26,1.28,"8/26: 1.28 (1.17, 1.41)",1.17,1.41,1.36,"8/26: 1.36 (1.19, 1.55)",1.19,1.55,1.46,"8/26: 1.46 (1.21, 1.73)",1.21,1.73,1.29,"8/26: 1.29 (1.15, 1.45)",1.15,1.45
"32",2021-08-27,1.17,"8/27: 1.17 (1.1, 1.25)",1.1,1.25,1.29,"8/27: 1.29 (1.17, 1.41)",1.17,1.41,1.33,"8/27: 1.33 (1.17, 1.5)",1.17,1.5,1.46,"8/27: 1.46 (1.21, 1.73)",1.21,1.73,1.25,"8/27: 1.25 (1.13, 1.39)",1.13,1.39
"33",2021-08-28,1.16,"8/28: 1.16 (1.09, 1.24)",1.09,1.24,1.28,"8/28: 1.28 (1.16, 1.41)",1.16,1.41,1.31,"8/28: 1.31 (1.16, 1.47)",1.16,1.47,1.45,"8/28: 1.45 (1.21, 1.71)",1.21,1.71,1.22,"8/28: 1.22 (1.11, 1.34)",1.11,1.34
"34",2021-08-29,1.16,"8/29: 1.16 (1.09, 1.23)",1.09,1.23,1.28,"8/29: 1.28 (1.16, 1.41)",1.16,1.41,1.29,"8/29: 1.29 (1.15, 1.43)",1.15,1.43,1.42,"8/29: 1.42 (1.19, 1.68)",1.19,1.68,1.19,"8/29: 1.19 (1.1, 1.3)",1.1,1.3
"35",2021-08-30,1.15,"8/30: 1.15 (1.08, 1.22)",1.08,1.22,1.27,"8/30: 1.27 (1.15, 1.4)",1.15,1.4,1.27,"8/30: 1.27 (1.14, 1.4)",1.14,1.4,1.39,"8/30: 1.39 (1.17, 1.63)",1.17,1.63,1.17,"8/30: 1.17 (1.09, 1.26)",1.09,1.26
"36",2021-08-31,1.14,"8/31: 1.14 (1.08, 1.21)",1.08,1.21,1.26,"8/31: 1.26 (1.14, 1.38)",1.14,1.38,1.25,"8/31: 1.25 (1.13, 1.37)",1.13,1.37,1.35,"8/31: 1.35 (1.15, 1.58)",1.15,1.58,1.15,"8/31: 1.15 (1.08, 1.23)",1.08,1.23
"37",2021-09-01,1.13,"9/1: 1.13 (1.08, 1.2)",1.08,1.2,1.24,"9/1: 1.24 (1.14, 1.36)",1.14,1.36,1.23,"9/1: 1.23 (1.12, 1.34)",1.12,1.34,1.32,"9/1: 1.32 (1.13, 1.52)",1.13,1.52,1.13,"9/1: 1.13 (1.07, 1.2)",1.07,1.2
"38",2021-09-02,1.13,"9/2: 1.13 (1.07, 1.19)",1.07,1.19,1.23,"9/2: 1.23 (1.13, 1.34)",1.13,1.34,1.21,"9/2: 1.21 (1.11, 1.31)",1.11,1.31,1.27,"9/2: 1.27 (1.11, 1.46)",1.11,1.46,1.11,"9/2: 1.11 (1.05, 1.18)",1.05,1.18
"39",2021-09-03,1.12,"9/3: 1.12 (1.07, 1.18)",1.07,1.18,1.21,"9/3: 1.21 (1.12, 1.32)",1.12,1.32,1.19,"9/3: 1.19 (1.1, 1.29)",1.1,1.29,1.23,"9/3: 1.23 (1.08, 1.4)",1.08,1.4,1.09,"9/3: 1.09 (1.04, 1.15)",1.04,1.15
"40",2021-09-04,1.11,"9/4: 1.11 (1.06, 1.16)",1.06,1.16,1.2,"9/4: 1.2 (1.11, 1.3)",1.11,1.3,1.18,"9/4: 1.18 (1.1, 1.26)",1.1,1.26,1.2,"9/4: 1.2 (1.07, 1.36)",1.07,1.36,1.08,"9/4: 1.08 (1.03, 1.13)",1.03,1.13
"41",2021-09-05,1.1,"9/5: 1.1 (1.06, 1.15)",1.06,1.15,1.18,"9/5: 1.18 (1.1, 1.27)",1.1,1.27,1.16,"9/5: 1.16 (1.09, 1.24)",1.09,1.24,1.18,"9/5: 1.18 (1.05, 1.32)",1.05,1.32,1.06,"9/5: 1.06 (1.02, 1.11)",1.02,1.11
"42",2021-09-06,1.09,"9/6: 1.09 (1.05, 1.14)",1.05,1.14,1.17,"9/6: 1.17 (1.09, 1.25)",1.09,1.25,1.15,"9/6: 1.15 (1.08, 1.22)",1.08,1.22,1.16,"9/6: 1.16 (1.04, 1.28)",1.04,1.28,1.05,"9/6: 1.05 (1.02, 1.09)",1.02,1.09
"43",2021-09-07,1.09,"9/7: 1.09 (1.05, 1.13)",1.05,1.13,1.15,"9/7: 1.15 (1.08, 1.23)",1.08,1.23,1.13,"9/7: 1.13 (1.07, 1.2)",1.07,1.2,1.14,"9/7: 1.14 (1.03, 1.26)",1.03,1.26,1.04,"9/7: 1.04 (1.01, 1.08)",1.01,1.08
"44",2021-09-08,1.08,"9/8: 1.08 (1.05, 1.12)",1.05,1.12,1.14,"9/8: 1.14 (1.07, 1.21)",1.07,1.21,1.12,"9/8: 1.12 (1.06, 1.18)",1.06,1.18,1.13,"9/8: 1.13 (1.02, 1.24)",1.02,1.24,1.04,"9/8: 1.04 (1.01, 1.07)",1.01,1.07
"45",2021-09-09,1.07,"9/9: 1.07 (1.04, 1.11)",1.04,1.11,1.12,"9/9: 1.12 (1.06, 1.19)",1.06,1.19,1.1,"9/9: 1.1 (1.05, 1.16)",1.05,1.16,1.11,"9/9: 1.11 (1.02, 1.22)",1.02,1.22,1.03,"9/9: 1.03 (1, 1.07)",1,1.07
"46",2021-09-10,1.07,"9/10: 1.07 (1.04, 1.1)",1.04,1.1,1.1,"9/10: 1.1 (1.05, 1.16)",1.05,1.16,1.09,"9/10: 1.09 (1.04, 1.13)",1.04,1.13,1.1,"9/10: 1.1 (1.01, 1.2)",1.01,1.2,1.03,"9/10: 1.03 (1, 1.06)",1,1.06
"47",2021-09-11,1.06,"9/11: 1.06 (1.03, 1.09)",1.03,1.09,1.09,"9/11: 1.09 (1.04, 1.14)",1.04,1.14,1.07,"9/11: 1.07 (1.04, 1.11)",1.04,1.11,1.09,"9/11: 1.09 (1, 1.19)",1,1.19,1.03,"9/11: 1.03 (1, 1.06)",1,1.06
"48",2021-09-12,1.05,"9/12: 1.05 (1.03, 1.08)",1.03,1.08,1.07,"9/12: 1.07 (1.03, 1.11)",1.03,1.11,1.06,"9/12: 1.06 (1.03, 1.09)",1.03,1.09,1.11,"9/12: 1.11 (1.01, 1.2)",1.01,1.2,1.02,"9/12: 1.02 (0.99, 1.05)",0.99,1.05
"49",2021-09-13,1.04,"9/13: 1.04 (1.02, 1.07)",1.02,1.07,1.05,"9/13: 1.05 (1.02, 1.09)",1.02,1.09,1.04,"9/13: 1.04 (1.02, 1.07)",1.02,1.07,1.14,"9/13: 1.14 (1.05, 1.23)",1.05,1.23,1.02,"9/13: 1.02 (0.99, 1.05)",0.99,1.05
"50",2021-09-14,1.03,"9/14: 1.03 (1.01, 1.05)",1.01,1.05,1.04,"9/14: 1.04 (1.01, 1.07)",1.01,1.07,1.03,"9/14: 1.03 (1.01, 1.06)",1.01,1.06,1.18,"9/14: 1.18 (1.08, 1.28)",1.08,1.28,1.02,"9/14: 1.02 (0.99, 1.05)",0.99,1.05
"51",2021-09-15,1.02,"9/15: 1.02 (1, 1.03)",1,1.03,1.02,"9/15: 1.02 (1, 1.05)",1,1.05,1.02,"9/15: 1.02 (1, 1.04)",1,1.04,1.22,"9/15: 1.22 (1.11, 1.33)",1.11,1.33,1.01,"9/15: 1.01 (0.99, 1.04)",0.99,1.04
"52",2021-09-16,1,"9/16: 1 (0.99, 1.02)",0.99,1.02,1,"9/16: 1 (0.98, 1.03)",0.98,1.03,1.01,"9/16: 1.01 (0.99, 1.02)",0.99,1.02,1.26,"9/16: 1.26 (1.14, 1.38)",1.14,1.38,1.01,"9/16: 1.01 (0.99, 1.04)",0.99,1.04
"53",2021-09-17,0.99,"9/17: 0.99 (0.98, 1)",0.98,1,0.99,"9/17: 0.99 (0.97, 1.01)",0.97,1.01,0.99,"9/17: 0.99 (0.98, 1.01)",0.98,1.01,1.29,"9/17: 1.29 (1.16, 1.42)",1.16,1.42,1.01,"9/17: 1.01 (0.98, 1.04)",0.98,1.04
"54",2021-09-18,0.98,"9/18: 0.98 (0.97, 0.99)",0.97,0.99,0.97,"9/18: 0.97 (0.95, 0.99)",0.95,0.99,0.98,"9/18: 0.98 (0.96, 1)",0.96,1,1.32,"9/18: 1.32 (1.17, 1.46)",1.17,1.46,1.01,"9/18: 1.01 (0.98, 1.04)",0.98,1.04
"55",2021-09-19,0.96,"9/19: 0.96 (0.95, 0.98)",0.95,0.98,0.96,"9/19: 0.96 (0.93, 0.98)",0.93,0.98,0.97,"9/19: 0.97 (0.95, 0.99)",0.95,0.99,1.34,"9/19: 1.34 (1.18, 1.49)",1.18,1.49,1.01,"9/19: 1.01 (0.98, 1.03)",0.98,1.03
"56",2021-09-20,0.95,"9/20: 0.95 (0.93, 0.97)",0.93,0.97,0.94,"9/20: 0.94 (0.92, 0.97)",0.92,0.97,0.96,"9/20: 0.96 (0.94, 0.98)",0.94,0.98,1.35,"9/20: 1.35 (1.19, 1.52)",1.19,1.52,1,"9/20: 1 (0.98, 1.03)",0.98,1.03
"57",2021-09-21,0.94,"9/21: 0.94 (0.92, 0.96)",0.92,0.96,0.93,"9/21: 0.93 (0.9, 0.96)",0.9,0.96,0.95,"9/21: 0.95 (0.93, 0.97)",0.93,0.97,1.37,"9/21: 1.37 (1.19, 1.54)",1.19,1.54,1,"9/21: 1 (0.97, 1.02)",0.97,1.02
"58",2021-09-22,0.92,"9/22: 0.92 (0.9, 0.95)",0.9,0.95,0.91,"9/22: 0.91 (0.88, 0.95)",0.88,0.95,0.94,"9/22: 0.94 (0.91, 0.97)",0.91,0.97,1.38,"9/22: 1.38 (1.19, 1.56)",1.19,1.56,0.99,"9/22: 0.99 (0.96, 1.02)",0.96,1.02
"59",2021-09-23,0.91,"9/23: 0.91 (0.88, 0.94)",0.88,0.94,0.9,"9/23: 0.9 (0.87, 0.94)",0.87,0.94,0.93,"9/23: 0.93 (0.9, 0.96)",0.9,0.96,1.38,"9/23: 1.38 (1.2, 1.57)",1.2,1.57,0.98,"9/23: 0.98 (0.96, 1.01)",0.96,1.01
"60",2021-09-24,0.9,"9/24: 0.9 (0.87, 0.94)",0.87,0.94,0.89,"9/24: 0.89 (0.86, 0.94)",0.86,0.94,0.92,"9/24: 0.92 (0.89, 0.96)",0.89,0.96,1.39,"9/24: 1.39 (1.2, 1.58)",1.2,1.58,0.98,"9/24: 0.98 (0.95, 1.01)",0.95,1.01
"61",2021-09-25,0.89,"9/25: 0.89 (0.85, 0.93)",0.85,0.93,0.88,"9/25: 0.88 (0.85, 0.93)",0.85,0.93,0.92,"9/25: 0.92 (0.89, 0.95)",0.89,0.95,1.39,"9/25: 1.39 (1.2, 1.58)",1.2,1.58,0.97,"9/25: 0.97 (0.94, 1)",0.94,1
"62",2021-09-26,0.87,"9/26: 0.87 (0.84, 0.92)",0.84,0.92,0.87,"9/26: 0.87 (0.83, 0.92)",0.83,0.92,0.91,"9/26: 0.91 (0.88, 0.95)",0.88,0.95,1.38,"9/26: 1.38 (1.2, 1.57)",1.2,1.57,0.96,"9/26: 0.96 (0.93, 0.99)",0.93,0.99
"63",2021-09-27,0.86,"9/27: 0.86 (0.82, 0.91)",0.82,0.91,0.87,"9/27: 0.87 (0.82, 0.91)",0.82,0.91,0.9,"9/27: 0.9 (0.87, 0.94)",0.87,0.94,1.37,"9/27: 1.37 (1.19, 1.55)",1.19,1.55,0.95,"9/27: 0.95 (0.92, 0.98)",0.92,0.98
"64",2021-09-28,0.85,"9/28: 0.85 (0.81, 0.91)",0.81,0.91,0.86,"9/28: 0.86 (0.81, 0.91)",0.81,0.91,0.89,"9/28: 0.89 (0.86, 0.93)",0.86,0.93,1.35,"9/28: 1.35 (1.18, 1.53)",1.18,1.53,0.94,"9/28: 0.94 (0.91, 0.97)",0.91,0.97
"65",2021-09-29,0.84,"9/29: 0.84 (0.79, 0.9)",0.79,0.9,0.85,"9/29: 0.85 (0.8, 0.9)",0.8,0.9,0.88,"9/29: 0.88 (0.85, 0.93)",0.85,0.93,1.33,"9/29: 1.33 (1.17, 1.51)",1.17,1.51,0.93,"9/29: 0.93 (0.9, 0.97)",0.9,0.97
"66",2021-09-30,0.84,"9/30: 0.84 (0.78, 0.89)",0.78,0.89,0.84,"9/30: 0.84 (0.79, 0.9)",0.79,0.9,0.88,"9/30: 0.88 (0.84, 0.92)",0.84,0.92,1.31,"9/30: 1.31 (1.16, 1.48)",1.16,1.48,0.92,"9/30: 0.92 (0.89, 0.96)",0.89,0.96
"67",2021-10-01,0.83,"10/1: 0.83 (0.77, 0.89)",0.77,0.89,0.83,"10/1: 0.83 (0.78, 0.89)",0.78,0.89,0.87,"10/1: 0.87 (0.83, 0.92)",0.83,0.92,1.3,"10/1: 1.3 (1.15, 1.45)",1.15,1.45,0.91,"10/1: 0.91 (0.87, 0.95)",0.87,0.95
"68",2021-10-02,0.82,"10/2: 0.82 (0.76, 0.89)",0.76,0.89,0.82,"10/2: 0.82 (0.77, 0.88)",0.77,0.88,0.87,"10/2: 0.87 (0.82, 0.92)",0.82,0.92,1.28,"10/2: 1.28 (1.15, 1.43)",1.15,1.43,0.9,"10/2: 0.9 (0.86, 0.94)",0.86,0.94
"69",2021-10-03,0.82,"10/3: 0.82 (0.76, 0.88)",0.76,0.88,0.82,"10/3: 0.82 (0.76, 0.88)",0.76,0.88,0.86,"10/3: 0.86 (0.82, 0.91)",0.82,0.91,1.27,"10/3: 1.27 (1.14, 1.41)",1.14,1.41,0.89,"10/3: 0.89 (0.85, 0.93)",0.85,0.93
"70",2021-10-04,0.81,"10/4: 0.81 (0.75, 0.88)",0.75,0.88,0.81,"10/4: 0.81 (0.76, 0.88)",0.76,0.88,0.86,"10/4: 0.86 (0.81, 0.91)",0.81,0.91,1.24,"10/4: 1.24 (1.12, 1.37)",1.12,1.37,0.88,"10/4: 0.88 (0.84, 0.93)",0.84,0.93
"71",2021-10-05,0.81,"10/5: 0.81 (0.75, 0.88)",0.75,0.88,0.81,"10/5: 0.81 (0.75, 0.87)",0.75,0.87,0.85,"10/5: 0.85 (0.8, 0.91)",0.8,0.91,1.21,"10/5: 1.21 (1.1, 1.33)",1.1,1.33,0.87,"10/5: 0.87 (0.83, 0.92)",0.83,0.92
"72",2021-10-06,0.81,"10/6: 0.81 (0.75, 0.88)",0.75,0.88,0.8,"10/6: 0.8 (0.75, 0.87)",0.75,0.87,0.85,"10/6: 0.85 (0.8, 0.9)",0.8,0.9,1.18,"10/6: 1.18 (1.08, 1.28)",1.08,1.28,0.87,"10/6: 0.87 (0.82, 0.92)",0.82,0.92
"73",2021-10-07,0.82,"10/7: 0.82 (0.75, 0.88)",0.75,0.88,0.8,"10/7: 0.8 (0.74, 0.87)",0.74,0.87,0.84,"10/7: 0.84 (0.8, 0.9)",0.8,0.9,1.14,"10/7: 1.14 (1.06, 1.23)",1.06,1.23,0.87,"10/7: 0.87 (0.82, 0.92)",0.82,0.92
"74",2021-10-08,0.82,"10/8: 0.82 (0.76, 0.89)",0.76,0.89,0.8,"10/8: 0.8 (0.74, 0.87)",0.74,0.87,0.84,"10/8: 0.84 (0.79, 0.9)",0.79,0.9,1.1,"10/8: 1.1 (1.03, 1.18)",1.03,1.18,0.87,"10/8: 0.87 (0.82, 0.93)",0.82,0.93
"75",2021-10-09,0.83,"10/9: 0.83 (0.76, 0.89)",0.76,0.89,0.8,"10/9: 0.8 (0.74, 0.87)",0.74,0.87,0.84,"10/9: 0.84 (0.79, 0.9)",0.79,0.9,1.07,"10/9: 1.07 (1.01, 1.14)",1.01,1.14,0.87,"10/9: 0.87 (0.82, 0.93)",0.82,0.93
"76",2021-10-10,0.83,"10/10: 0.83 (0.77, 0.9)",0.77,0.9,0.8,"10/10: 0.8 (0.74, 0.87)",0.74,0.87,0.84,"10/10: 0.84 (0.79, 0.9)",0.79,0.9,1.04,"10/10: 1.04 (0.99, 1.1)",0.99,1.1,0.88,"10/10: 0.88 (0.83, 0.93)",0.83,0.93
"77",2021-10-11,0.84,"10/11: 0.84 (0.78, 0.9)",0.78,0.9,0.8,"10/11: 0.8 (0.74, 0.87)",0.74,0.87,0.84,"10/11: 0.84 (0.79, 0.9)",0.79,0.9,1.02,"10/11: 1.02 (0.97, 1.07)",0.97,1.07,0.89,"10/11: 0.89 (0.84, 0.94)",0.84,0.94
"78",2021-10-12,0.85,"10/12: 0.85 (0.79, 0.91)",0.79,0.91,0.81,"10/12: 0.81 (0.74, 0.88)",0.74,0.88,0.84,"10/12: 0.84 (0.79, 0.9)",0.79,0.9,1,"10/12: 1 (0.95, 1.04)",0.95,1.04,0.89,"10/12: 0.89 (0.84, 0.94)",0.84,0.94
"79",2021-10-13,0.85,"10/13: 0.85 (0.8, 0.91)",0.8,0.91,0.81,"10/13: 0.81 (0.75, 0.88)",0.75,0.88,0.85,"10/13: 0.85 (0.79, 0.9)",0.79,0.9,0.98,"10/13: 0.98 (0.94, 1.02)",0.94,1.02,0.9,"10/13: 0.9 (0.85, 0.95)",0.85,0.95
"80",2021-10-14,0.86,"10/14: 0.86 (0.81, 0.92)",0.81,0.92,0.82,"10/14: 0.82 (0.76, 0.88)",0.76,0.88,0.85,"10/14: 0.85 (0.8, 0.91)",0.8,0.91,0.97,"10/14: 0.97 (0.92, 1.01)",0.92,1.01,0.9,"10/14: 0.9 (0.86, 0.95)",0.86,0.95
"81",2021-10-15,0.87,"10/15: 0.87 (0.82, 0.92)",0.82,0.92,0.82,"10/15: 0.82 (0.76, 0.89)",0.76,0.89,0.85,"10/15: 0.85 (0.8, 0.91)",0.8,0.91,0.96,"10/15: 0.96 (0.91, 1)",0.91,1,0.91,"10/15: 0.91 (0.86, 0.96)",0.86,0.96
"82",2021-10-16,0.88,"10/16: 0.88 (0.83, 0.93)",0.83,0.93,0.83,"10/16: 0.83 (0.77, 0.89)",0.77,0.89,0.85,"10/16: 0.85 (0.8, 0.91)",0.8,0.91,0.95,"10/16: 0.95 (0.91, 1)",0.91,1,0.91,"10/16: 0.91 (0.87, 0.96)",0.87,0.96
"83",2021-10-17,0.89,"10/17: 0.89 (0.84, 0.93)",0.84,0.93,0.83,"10/17: 0.83 (0.78, 0.9)",0.78,0.9,0.86,"10/17: 0.86 (0.81, 0.91)",0.81,0.91,0.95,"10/17: 0.95 (0.9, 1)",0.9,1,0.92,"10/17: 0.92 (0.88, 0.96)",0.88,0.96
"84",2021-10-18,0.9,"10/18: 0.9 (0.85, 0.94)",0.85,0.94,0.84,"10/18: 0.84 (0.78, 0.9)",0.78,0.9,0.86,"10/18: 0.86 (0.81, 0.91)",0.81,0.91,0.96,"10/18: 0.96 (0.91, 1)",0.91,1,0.93,"10/18: 0.93 (0.88, 0.97)",0.88,0.97
"85",2021-10-19,0.9,"10/19: 0.9 (0.86, 0.94)",0.86,0.94,0.84,"10/19: 0.84 (0.79, 0.9)",0.79,0.9,0.86,"10/19: 0.86 (0.82, 0.92)",0.82,0.92,0.97,"10/19: 0.97 (0.92, 1.02)",0.92,1.02,0.93,"10/19: 0.93 (0.89, 0.98)",0.89,0.98
"86",2021-10-20,0.91,"10/20: 0.91 (0.87, 0.94)",0.87,0.94,0.85,"10/20: 0.85 (0.79, 0.91)",0.79,0.91,0.87,"10/20: 0.87 (0.82, 0.92)",0.82,0.92,0.99,"10/20: 0.99 (0.95, 1.04)",0.95,1.04,0.94,"10/20: 0.94 (0.9, 0.98)",0.9,0.98
